run_dir,run_group,env,gap,maxgap,train_n,epoch,eval_n,temperature,eval_suffix,IDM,ACTOR,idm_tasks,actor_tasks,timestamp
20260610_102004_seed0_antmaze-giant-navigate-v0,FlowGap10W5TRL_rd_sd_antmaze_giant,antmaze-giant-navigate-v0,10.0,5.0,4,600,16,0.5,cap4000_t0p5,0.312,0.344,"1:0.0800,2:0.4000,3:0.1200,4:0.2400,5:0.7200","1:0.0800,2:0.3600,3:0.2800,4:0.2800,5:0.7200",2026-06-24T17:52:53Z
20260610_102004_seed0_antmaze-giant-navigate-v0,FlowGap10W5TRL_rd_sd_antmaze_giant,antmaze-giant-navigate-v0,10.0,5.0,4,600,16,1.0,cap4000_t1p0,0.136,0.16799999999999998,"1:0.0800,2:0.0400,3:0.0000,4:0.1600,5:0.4000","1:0.0000,2:0.1200,3:0.0800,4:0.1600,5:0.4800",2026-06-24T17:43:25Z
20260610_102004_seed0_antmaze-giant-navigate-v0,FlowGap10W5TRL_rd_sd_antmaze_giant,antmaze-giant-navigate-v0,10.0,5.0,4,600,2,0.5,cap4000_t0p5,0.272,0.34400000000000003,"1:0.0800,2:0.3600,3:0.1200,4:0.2400,5:0.5600","1:0.0000,2:0.3600,3:0.2800,4:0.4000,5:0.6800",2026-06-24T17:14:02Z
20260610_102004_seed0_antmaze-giant-navigate-v0,FlowGap10W5TRL_rd_sd_antmaze_giant,antmaze-giant-navigate-v0,10.0,5.0,4,600,2,1.0,cap4000_t1p0,0.11200000000000002,0.128,"1:0.0400,2:0.2000,3:0.0000,4:0.0800,5:0.2400","1:0.0400,2:0.2000,3:0.0800,4:0.0000,5:0.3200",2026-06-24T17:04:30Z
20260610_102004_seed0_antmaze-giant-navigate-v0,FlowGap10W5TRL_rd_sd_antmaze_giant,antmaze-giant-navigate-v0,10.0,5.0,4,600,32,0.5,cap4000_t0p5,0.20800000000000002,0.376,"1:0.0800,2:0.0800,3:0.2000,4:0.0800,5:0.6000","1:0.0400,2:0.4000,3:0.4000,4:0.1600,5:0.8800",2026-06-24T18:12:29Z
20260610_102004_seed0_antmaze-giant-navigate-v0,FlowGap10W5TRL_rd_sd_antmaze_giant,antmaze-giant-navigate-v0,10.0,5.0,4,600,32,1.0,cap4000_t1p0,0.10400000000000001,0.192,"1:0.0000,2:0.0400,3:0.0400,4:0.2400,5:0.2000","1:0.0400,2:0.1600,3:0.0400,4:0.1200,5:0.6000",2026-06-24T18:02:51Z
20260610_102004_seed0_antmaze-giant-navigate-v0,FlowGap10W5TRL_rd_sd_antmaze_giant,antmaze-giant-navigate-v0,10.0,5.0,4,600,8,0.5,cap4000_t0p5,0.344,0.35200000000000004,"1:0.0800,2:0.3600,3:0.2000,4:0.3600,5:0.7200","1:0.0000,2:0.4800,3:0.3200,4:0.3200,5:0.6400",2026-06-24T17:33:26Z
20260610_102004_seed0_antmaze-giant-navigate-v0,FlowGap10W5TRL_rd_sd_antmaze_giant,antmaze-giant-navigate-v0,10.0,5.0,4,600,8,1.0,cap4000_t1p0,0.176,0.28,"1:0.0400,2:0.2000,3:0.1200,4:0.0800,5:0.4400","1:0.0800,2:0.2000,3:0.1600,4:0.1600,5:0.8000",2026-06-24T17:23:50Z
20260611_052711_seed0_cube-double-play-v0,FlowGap10W5TRL_rd_sd_cube_double,cube-double-play-v0,10.0,5.0,4,600,16,1.0,,0.648,0.672,"1:1.0000,2:0.6000,3:0.6000,4:0.4000,5:0.6400","1:0.9200,2:0.7600,3:0.6800,4:0.3200,5:0.6800",2026-06-17T13:09:51Z
20260611_052711_seed0_cube-double-play-v0,FlowGap10W5TRL_rd_sd_cube_double,cube-double-play-v0,10.0,5.0,4,600,32,1.0,,0.48,0.5760000000000001,"1:0.7600,2:0.5600,3:0.2800,4:0.1600,5:0.6400","1:0.9200,2:0.7200,3:0.4400,4:0.2000,5:0.6000",2026-06-17T13:15:00Z
20260611_052711_seed0_cube-double-play-v0,FlowGap10W5TRL_rd_sd_cube_double,cube-double-play-v0,10.0,5.0,4,600,4,1.0,,0.656,0.696,"1:0.8800,2:0.8400,3:0.6800,4:0.1600,5:0.7200","1:0.8800,2:0.9200,3:0.8000,4:0.2400,5:0.6400",2026-06-17T13:04:08Z
20260611_143919_seed0_cube-triple-play-v0,FlowGap10W5TRL_rd_sd_cube_triple,cube-triple-play-v0,10.0,5.0,4,600,16,1.0,,0.304,0.42400000000000004,"1:0.6800,2:0.2000,3:0.4800,4:0.0400,5:0.1200","1:0.8000,2:0.5200,3:0.6400,4:0.1200,5:0.0400",2026-06-17T13:36:40Z
20260611_143919_seed0_cube-triple-play-v0,FlowGap10W5TRL_rd_sd_cube_triple,cube-triple-play-v0,10.0,5.0,4,600,32,1.0,,0.26400000000000007,0.30400000000000005,"1:0.6400,2:0.2000,3:0.2800,4:0.0800,5:0.1200","1:0.6800,2:0.2000,3:0.5200,4:0.0800,5:0.0400",2026-06-17T13:48:21Z
20260611_143919_seed0_cube-triple-play-v0,FlowGap10W5TRL_rd_sd_cube_triple,cube-triple-play-v0,10.0,5.0,4,600,4,1.0,,0.44800000000000006,0.376,"1:1.0000,2:0.6400,3:0.3600,4:0.2000,5:0.0400","1:0.8400,2:0.4000,3:0.4400,4:0.1600,5:0.0400",2026-06-17T13:25:27Z
20260617_233620_seed0_cube-double-play-v0,FlowGap10W5N1TRL_rd_sd_cube_double,cube-double-play-v0,10.0,5.0,1,600,1,1.0,,0.496,0.496,"1:0.7600,2:0.5200,3:0.6000,4:0.2000,5:0.4000","1:0.8400,2:0.5600,3:0.6000,4:0.0800,5:0.4000",2026-06-17T17:39:12Z
20260617_233620_seed0_cube-double-play-v0,FlowGap10W5N1TRL_rd_sd_cube_double,cube-double-play-v0,10.0,5.0,1,600,16,1.0,,0.576,0.568,"1:0.9600,2:0.5600,3:0.6000,4:0.4400,5:0.3200","1:0.8800,2:0.3600,3:0.6400,4:0.3600,5:0.6000",2026-06-18T06:26:18Z
20260617_233620_seed0_cube-double-play-v0,FlowGap10W5N1TRL_rd_sd_cube_double,cube-double-play-v0,10.0,5.0,1,600,32,1.0,,0.5760000000000001,0.504,"1:0.8800,2:0.5600,3:0.7600,4:0.2000,5:0.4800","1:0.8800,2:0.5200,3:0.4800,4:0.1600,5:0.4800",2026-06-18T06:31:27Z
20260617_233620_seed0_cube-double-play-v0,FlowGap10W5N1TRL_rd_sd_cube_double,cube-double-play-v0,10.0,5.0,1,600,4,1.0,,0.72,0.56,"1:0.8800,2:0.8000,3:0.9200,4:0.4000,5:0.6000","1:0.8400,2:0.6400,3:0.7600,4:0.0400,5:0.5200",2026-06-18T06:16:49Z
20260617_233620_seed0_cube-double-play-v0,FlowGap10W5N1TRL_rd_sd_cube_double,cube-double-play-v0,10.0,5.0,1,600,8,1.0,,0.672,0.6080000000000001,"1:0.8000,2:0.8800,3:0.7200,4:0.3600,5:0.6000","1:0.9200,2:0.6000,3:0.6800,4:0.2400,5:0.6000",2026-06-18T06:21:27Z
20260618_025240_seed0_cube-triple-play-v0,FlowGap10W5N1TRL_rd_sd_cube_triple,cube-triple-play-v0,10.0,5.0,1,600,1,1.0,,0.20800000000000002,0.18400000000000002,"1:0.6400,2:0.2000,3:0.1600,4:0.0400,5:0.0000","1:0.5200,2:0.1600,3:0.2000,4:0.0000,5:0.0400",2026-06-18T01:53:39Z
20260618_025240_seed0_cube-triple-play-v0,FlowGap10W5N1TRL_rd_sd_cube_triple,cube-triple-play-v0,10.0,5.0,1,600,16,1.0,,0.28800000000000003,0.296,"1:0.6800,2:0.3600,3:0.3200,4:0.0400,5:0.0400","1:0.7200,2:0.2800,3:0.4000,4:0.0800,5:0.0000",2026-06-18T07:05:11Z
20260618_025240_seed0_cube-triple-play-v0,FlowGap10W5N1TRL_rd_sd_cube_triple,cube-triple-play-v0,10.0,5.0,1,600,32,1.0,,0.31999999999999995,0.272,"1:0.6800,2:0.3200,3:0.4400,4:0.1600,5:0.0000","1:0.7600,2:0.2400,3:0.3200,4:0.0400,5:0.0000",2026-06-18T07:16:45Z
20260618_025240_seed0_cube-triple-play-v0,FlowGap10W5N1TRL_rd_sd_cube_triple,cube-triple-play-v0,10.0,5.0,1,600,4,1.0,,0.30400000000000005,0.264,"1:0.7600,2:0.3200,3:0.2800,4:0.0800,5:0.0800","1:0.6400,2:0.2800,3:0.3200,4:0.0400,5:0.0400",2026-06-18T06:42:39Z
20260618_025240_seed0_cube-triple-play-v0,FlowGap10W5N1TRL_rd_sd_cube_triple,cube-triple-play-v0,10.0,5.0,1,600,8,1.0,,0.312,0.336,"1:0.7200,2:0.3200,3:0.3600,4:0.1200,5:0.0400","1:0.9200,2:0.2800,3:0.3600,4:0.0400,5:0.0800",2026-06-18T06:53:43Z
20260618_201856_seed0_puzzle-3x3-play-v0,FlowG5W5K5TRL_rd_sd_puzzle_3x3,puzzle-3x3-play-v0,5.0,5.0,5,600,1,1.0,,0.064,0.032,"1:0.3200,2:0.0000,3:0.0000,4:0.0000,5:0.0000","1:0.1600,2:0.0000,3:0.0000,4:0.0000,5:0.0000",2026-06-18T17:00:58Z
20260618_201856_seed0_puzzle-3x3-play-v0,FlowG5W5K5TRL_rd_sd_puzzle_3x3,puzzle-3x3-play-v0,5.0,5.0,5,600,16,1.0,,0.648,0.632,"1:1.0000,2:0.6400,3:0.6000,4:0.5600,5:0.4400","1:1.0000,2:0.6400,3:0.6400,4:0.3200,5:0.5600",2026-06-18T17:16:52Z
20260618_201856_seed0_puzzle-3x3-play-v0,FlowG5W5K5TRL_rd_sd_puzzle_3x3,puzzle-3x3-play-v0,5.0,5.0,5,600,4,1.0,,0.264,0.27999999999999997,"1:0.8000,2:0.2400,3:0.1600,4:0.0400,5:0.0800","1:0.7200,2:0.2400,3:0.1200,4:0.1600,5:0.1600",2026-06-18T17:07:04Z
20260618_201856_seed0_puzzle-3x3-play-v0,FlowG5W5K5TRL_rd_sd_puzzle_3x3,puzzle-3x3-play-v0,5.0,5.0,5,600,8,1.0,,0.4800000000000001,0.496,"1:0.8800,2:0.5600,3:0.4400,4:0.2400,5:0.2800","1:0.8800,2:0.4000,3:0.3600,4:0.4000,5:0.4400",2026-06-18T17:12:17Z
20260619_021654_seed0_puzzle-3x3-play-v0,FlowG5W5K10TRL_rd_sd_puzzle_3x3,puzzle-3x3-play-v0,5.0,5.0,10,600,1,1.0,,0.05600000000000001,0.048,"1:0.2800,2:0.0000,3:0.0000,4:0.0000,5:0.0000","1:0.2400,2:0.0000,3:0.0000,4:0.0000,5:0.0000",2026-06-19T02:15:18Z
20260619_021654_seed0_puzzle-3x3-play-v0,FlowG5W5K10TRL_rd_sd_puzzle_3x3,puzzle-3x3-play-v0,5.0,5.0,10,600,16,1.0,,0.5519999999999999,0.592,"1:1.0000,2:0.4400,3:0.5600,4:0.4000,5:0.3600","1:1.0000,2:0.5200,3:0.4800,4:0.4400,5:0.5200",2026-06-19T02:31:24Z
20260619_021654_seed0_puzzle-3x3-play-v0,FlowG5W5K10TRL_rd_sd_puzzle_3x3,puzzle-3x3-play-v0,5.0,5.0,10,600,4,1.0,,0.312,0.248,"1:0.7600,2:0.2800,3:0.0400,4:0.1200,5:0.3600","1:0.8000,2:0.1200,3:0.1200,4:0.0400,5:0.1600",2026-06-19T02:21:20Z
20260619_021654_seed0_puzzle-3x3-play-v0,FlowG5W5K10TRL_rd_sd_puzzle_3x3,puzzle-3x3-play-v0,5.0,5.0,10,600,8,1.0,,0.4959999999999999,0.41600000000000004,"1:0.8400,2:0.4800,3:0.4800,4:0.3600,5:0.3200","1:0.9200,2:0.3600,3:0.2400,4:0.2800,5:0.2800",2026-06-19T02:26:41Z
20260619_113125_seed0_puzzle-4x4-play-v0,FlowG5W5K5TRL_rd_sd_puzzle_4x4,puzzle-4x4-play-v0,5.0,5.0,5,600,1,1.0,,0.032,0.032,"1:0.0400,2:0.0000,3:0.0000,4:0.0400,5:0.0800","1:0.0800,2:0.0000,3:0.0400,4:0.0000,5:0.0400",2026-06-19T08:26:42Z
20260619_225308_seed0_puzzle-3x3-play-v0,FlowG5W5H5TRL_rd_sd_puzzle_3x3,puzzle-3x3-play-v0,5.0,5.0,4,600,1,1.0,,0.0,0.0,"1:0.0000,2:0.0000,3:0.0000,4:0.0000,5:0.0000","1:0.0000,2:0.0000,3:0.0000,4:0.0000,5:0.0000",2026-06-19T17:32:25Z
20260619_225308_seed0_puzzle-3x3-play-v0,FlowG5W5H5TRL_rd_sd_puzzle_3x3,puzzle-3x3-play-v0,5.0,5.0,4,600,16,1.0,,0.384,0.4800000000000001,"1:0.5200,2:0.3200,3:0.3200,4:0.3200,5:0.4400","1:0.7200,2:0.5200,3:0.3600,4:0.2800,5:0.5200",2026-06-19T17:51:41Z
20260619_225308_seed0_puzzle-3x3-play-v0,FlowG5W5H5TRL_rd_sd_puzzle_3x3,puzzle-3x3-play-v0,5.0,5.0,4,600,4,1.0,,0.064,0.04,"1:0.2000,2:0.0400,3:0.0000,4:0.0400,5:0.0400","1:0.2000,2:0.0000,3:0.0000,4:0.0000,5:0.0000",2026-06-19T17:39:31Z
20260619_225308_seed0_puzzle-3x3-play-v0,FlowG5W5H5TRL_rd_sd_puzzle_3x3,puzzle-3x3-play-v0,5.0,5.0,4,600,8,1.0,,0.296,0.312,"1:0.5200,2:0.2800,3:0.2000,4:0.2800,5:0.2000","1:0.5600,2:0.3600,3:0.1600,4:0.2000,5:0.2800",2026-06-19T17:45:51Z
20260620_025143_seed0_puzzle-3x3-play-v0,FlowG5W5H10TRL_rd_sd_puzzle_3x3,puzzle-3x3-play-v0,5.0,5.0,4,600,1,1.0,,0.008,0.0,"1:0.0400,2:0.0000,3:0.0000,4:0.0000,5:0.0000","1:0.0000,2:0.0000,3:0.0000,4:0.0000,5:0.0000",2026-06-19T21:53:46Z
20260620_025143_seed0_puzzle-3x3-play-v0,FlowG5W5H10TRL_rd_sd_puzzle_3x3,puzzle-3x3-play-v0,5.0,5.0,4,600,16,1.0,,0.44800000000000006,0.512,"1:0.7200,2:0.3600,3:0.4400,4:0.3200,5:0.4000","1:0.6400,2:0.4800,3:0.5200,4:0.4800,5:0.4400",2026-06-19T22:12:23Z
20260620_025143_seed0_puzzle-3x3-play-v0,FlowG5W5H10TRL_rd_sd_puzzle_3x3,puzzle-3x3-play-v0,5.0,5.0,4,600,4,1.0,,0.11200000000000002,0.088,"1:0.2400,2:0.1600,3:0.0400,4:0.0800,5:0.0400","1:0.2400,2:0.1200,3:0.0400,4:0.0400,5:0.0000",2026-06-19T22:00:45Z
20260620_025143_seed0_puzzle-3x3-play-v0,FlowG5W5H10TRL_rd_sd_puzzle_3x3,puzzle-3x3-play-v0,5.0,5.0,4,600,8,1.0,,0.288,0.35200000000000004,"1:0.6000,2:0.2800,3:0.2400,4:0.1600,5:0.1600","1:0.5600,2:0.4800,3:0.2400,4:0.3600,5:0.1200",2026-06-19T22:06:53Z
20260620_071224_seed0_puzzle-4x4-play-v0,FlowG5W5H5TRL_rd_sd_puzzle_4x4,puzzle-4x4-play-v0,5.0,5.0,4,600,1,1.0,,0.0,0.0,"1:0.0000,2:0.0000,3:0.0000,4:0.0000,5:0.0000","1:0.0000,2:0.0000,3:0.0000,4:0.0000,5:0.0000",2026-06-20T02:02:28Z
20260620_071224_seed0_puzzle-4x4-play-v0,FlowG5W5H5TRL_rd_sd_puzzle_4x4,puzzle-4x4-play-v0,5.0,5.0,4,600,16,1.0,,0.096,0.152,"1:0.2000,2:0.0400,3:0.1200,4:0.0400,5:0.0800","1:0.3600,2:0.0000,3:0.2000,4:0.0800,5:0.1200",2026-06-20T02:25:58Z
20260620_071224_seed0_puzzle-4x4-play-v0,FlowG5W5H5TRL_rd_sd_puzzle_4x4,puzzle-4x4-play-v0,5.0,5.0,4,600,4,1.0,,0.008,0.0,"1:0.0400,2:0.0000,3:0.0000,4:0.0000,5:0.0000","1:0.0000,2:0.0000,3:0.0000,4:0.0000,5:0.0000",2026-06-20T02:10:22Z
20260620_071224_seed0_puzzle-4x4-play-v0,FlowG5W5H5TRL_rd_sd_puzzle_4x4,puzzle-4x4-play-v0,5.0,5.0,4,600,8,1.0,,0.064,0.055999999999999994,"1:0.1200,2:0.0800,3:0.1200,4:0.0000,5:0.0000","1:0.0800,2:0.0800,3:0.0800,4:0.0400,5:0.0000",2026-06-20T02:18:11Z
20260620_112559_seed0_puzzle-4x4-play-v0,FlowG5W5H10TRL_rd_sd_puzzle_4x4,puzzle-4x4-play-v0,5.0,5.0,4,600,1,1.0,,0.0,0.0,"1:0.0000,2:0.0000,3:0.0000,4:0.0000,5:0.0000","1:0.0000,2:0.0000,3:0.0000,4:0.0000,5:0.0000",2026-06-20T06:39:34Z
20260620_112559_seed0_puzzle-4x4-play-v0,FlowG5W5H10TRL_rd_sd_puzzle_4x4,puzzle-4x4-play-v0,5.0,5.0,4,600,16,1.0,,0.312,0.32000000000000006,"1:0.4400,2:0.3200,3:0.1600,4:0.4000,5:0.2400","1:0.6800,2:0.2800,3:0.2800,4:0.2800,5:0.0800",2026-06-20T07:02:17Z
20260620_112559_seed0_puzzle-4x4-play-v0,FlowG5W5H10TRL_rd_sd_puzzle_4x4,puzzle-4x4-play-v0,5.0,5.0,4,600,4,1.0,,0.024,0.016,"1:0.0800,2:0.0000,3:0.0000,4:0.0000,5:0.0400","1:0.0000,2:0.0000,3:0.0400,4:0.0000,5:0.0400",2026-06-20T06:47:33Z
20260620_112559_seed0_puzzle-4x4-play-v0,FlowG5W5H10TRL_rd_sd_puzzle_4x4,puzzle-4x4-play-v0,5.0,5.0,4,600,8,1.0,,0.15999999999999998,0.176,"1:0.3200,2:0.1600,3:0.1200,4:0.0800,5:0.1200","1:0.3600,2:0.0800,3:0.2800,4:0.1200,5:0.0400",2026-06-20T06:55:09Z
20260620_182946_seed0_puzzle-3x3-play-v0,FlowG5W5H25Ha10N1TRL_rd_sd_puzzle_3x3,puzzle-3x3-play-v0,5.0,5.0,1,600,1,1.0,,0.055999999999999994,0.048,"1:0.2400,2:0.0000,3:0.0000,4:0.0000,5:0.0400","1:0.2400,2:0.0000,3:0.0000,4:0.0000,5:0.0000",2026-06-20T12:37:29Z
20260620_182946_seed0_puzzle-3x3-play-v0,FlowG5W5H25Ha10N1TRL_rd_sd_puzzle_3x3,puzzle-3x3-play-v0,5.0,5.0,1,600,16,1.0,,0.36,0.32799999999999996,"1:0.9600,2:0.2800,3:0.1600,4:0.0800,5:0.3200","1:0.6000,2:0.4400,3:0.2000,4:0.1200,5:0.2800",2026-06-20T12:50:23Z
20260620_182946_seed0_puzzle-3x3-play-v0,FlowG5W5H25Ha10N1TRL_rd_sd_puzzle_3x3,puzzle-3x3-play-v0,5.0,5.0,1,600,4,1.0,,0.2,0.184,"1:0.7600,2:0.1600,3:0.0400,4:0.0400,5:0.0000","1:0.5600,2:0.2000,3:0.0800,4:0.0000,5:0.0800",2026-06-20T12:41:56Z
20260620_182946_seed0_puzzle-3x3-play-v0,FlowG5W5H25Ha10N1TRL_rd_sd_puzzle_3x3,puzzle-3x3-play-v0,5.0,5.0,1,600,8,1.0,,0.31999999999999995,0.29600000000000004,"1:0.9200,2:0.3200,3:0.2000,4:0.0000,5:0.1600","1:0.7200,2:0.3200,3:0.1200,4:0.0800,5:0.2400",2026-06-20T12:46:13Z
20260620_215024_seed0_puzzle-4x4-play-v0,FlowG5W5H25Ha10N1TRL_rd_sd_puzzle_4x4,puzzle-4x4-play-v0,5.0,5.0,1,600,1,1.0,,0.0,0.0,"1:0.0000,2:0.0000,3:0.0000,4:0.0000,5:0.0000","1:0.0000,2:0.0000,3:0.0000,4:0.0000,5:0.0000",2026-06-20T16:08:33Z
20260620_215024_seed0_puzzle-4x4-play-v0,FlowG5W5H25Ha10N1TRL_rd_sd_puzzle_4x4,puzzle-4x4-play-v0,5.0,5.0,1,600,16,1.0,,0.136,0.20800000000000002,"1:0.3600,2:0.0800,3:0.1200,4:0.1200,5:0.0000","1:0.4000,2:0.0400,3:0.3200,4:0.2000,5:0.0800",2026-06-20T16:25:13Z
20260620_215024_seed0_puzzle-4x4-play-v0,FlowG5W5H25Ha10N1TRL_rd_sd_puzzle_4x4,puzzle-4x4-play-v0,5.0,5.0,1,600,4,1.0,,0.064,0.088,"1:0.2000,2:0.0400,3:0.0000,4:0.0400,5:0.0400","1:0.2000,2:0.0400,3:0.0800,4:0.0400,5:0.0800",2026-06-20T16:14:11Z
20260620_215024_seed0_puzzle-4x4-play-v0,FlowG5W5H25Ha10N1TRL_rd_sd_puzzle_4x4,puzzle-4x4-play-v0,5.0,5.0,1,600,8,1.0,,0.07200000000000001,0.16799999999999998,"1:0.2000,2:0.0800,3:0.0800,4:0.0000,5:0.0000","1:0.4800,2:0.0000,3:0.2000,4:0.1600,5:0.0000",2026-06-20T16:19:44Z
20260621_012515_seed0_cube-single-play-v0,FlowG10W5H25Ha10N1TRL_rd_sd_cube_single,cube-single-play-v0,10.0,5.0,1,600,1,1.0,,0.552,0.616,"1:0.5200,2:0.6400,3:0.4400,4:0.5600,5:0.6000","1:0.6000,2:0.7200,3:0.6000,4:0.5600,5:0.6000",2026-06-20T19:14:27Z
20260621_012515_seed0_cube-single-play-v0,FlowG10W5H25Ha10N1TRL_rd_sd_cube_single,cube-single-play-v0,10.0,5.0,1,600,16,1.0,,0.5840000000000001,0.648,"1:0.6800,2:0.6400,3:0.3600,4:0.5600,5:0.6800","1:0.6400,2:0.6400,3:0.8000,4:0.4800,5:0.6800",2026-06-20T19:18:07Z
20260621_012515_seed0_cube-single-play-v0,FlowG10W5H25Ha10N1TRL_rd_sd_cube_single,cube-single-play-v0,10.0,5.0,1,600,4,1.0,,0.5840000000000001,0.76,"1:0.7200,2:0.5600,3:0.5600,4:0.4400,5:0.6400","1:0.7200,2:0.8400,3:0.8800,4:0.6800,5:0.6800",2026-06-20T19:15:39Z
20260621_012515_seed0_cube-single-play-v0,FlowG10W5H25Ha10N1TRL_rd_sd_cube_single,cube-single-play-v0,10.0,5.0,1,600,8,1.0,,0.5519999999999999,0.7280000000000001,"1:0.7200,2:0.6400,3:0.4400,4:0.4400,5:0.5200","1:0.7200,2:0.8000,3:0.6800,4:0.6800,5:0.7600",2026-06-20T19:16:52Z
20260621_041808_seed0_cube-double-play-v0,FlowG10W5H25Ha10N1TRL_rd_sd_cube_double,cube-double-play-v0,10.0,5.0,1,600,1,1.0,,0.30400000000000005,0.248,"1:0.6400,2:0.2400,3:0.2800,4:0.0800,5:0.2800","1:0.7600,2:0.2400,3:0.1600,4:0.0400,5:0.0400",2026-06-20T22:18:15Z
20260621_041808_seed0_cube-double-play-v0,FlowG10W5H25Ha10N1TRL_rd_sd_cube_double,cube-double-play-v0,10.0,5.0,1,600,16,1.0,,0.5840000000000001,0.336,"1:1.0000,2:0.6800,3:0.5200,4:0.2400,5:0.4800","1:0.7200,2:0.3600,3:0.3200,4:0.0400,5:0.2400",2026-06-20T22:28:37Z
20260621_041808_seed0_cube-double-play-v0,FlowG10W5H25Ha10N1TRL_rd_sd_cube_double,cube-double-play-v0,10.0,5.0,1,600,4,1.0,,0.5760000000000001,0.376,"1:0.9200,2:0.4800,3:0.7200,4:0.2800,5:0.4800","1:0.7200,2:0.3200,3:0.2800,4:0.0800,5:0.4800",2026-06-20T22:21:43Z
20260621_041808_seed0_cube-double-play-v0,FlowG10W5H25Ha10N1TRL_rd_sd_cube_double,cube-double-play-v0,10.0,5.0,1,600,8,1.0,,0.5920000000000001,0.288,"1:0.9600,2:0.6800,3:0.6800,4:0.2400,5:0.4000","1:0.5600,2:0.2000,3:0.4400,4:0.0400,5:0.2000",2026-06-20T22:25:13Z
20260621_072838_seed0_cube-triple-play-v0,FlowG10W5H25Ha10N1TRL_rd_sd_cube_triple,cube-triple-play-v0,10.0,5.0,1,600,1,1.0,,0.072,0.048,"1:0.2800,2:0.0400,3:0.0000,4:0.0000,5:0.0400","1:0.2000,2:0.0000,3:0.0400,4:0.0000,5:0.0000",2026-06-21T06:34:47Z
20260621_072838_seed0_cube-triple-play-v0,FlowG10W5H25Ha10N1TRL_rd_sd_cube_triple,cube-triple-play-v0,10.0,5.0,1,600,16,1.0,,0.15199999999999997,0.11200000000000002,"1:0.6000,2:0.0800,3:0.0800,4:0.0000,5:0.0000","1:0.4000,2:0.0800,3:0.0800,4:0.0000,5:0.0000",2026-06-21T06:59:40Z
20260621_072838_seed0_cube-triple-play-v0,FlowG10W5H25Ha10N1TRL_rd_sd_cube_triple,cube-triple-play-v0,10.0,5.0,1,600,4,1.0,,0.088,0.07200000000000001,"1:0.3600,2:0.0000,3:0.0400,4:0.0000,5:0.0400","1:0.2800,2:0.0000,3:0.0800,4:0.0000,5:0.0000",2026-06-21T06:43:03Z
20260621_072838_seed0_cube-triple-play-v0,FlowG10W5H25Ha10N1TRL_rd_sd_cube_triple,cube-triple-play-v0,10.0,5.0,1,600,8,1.0,,0.064,0.04,"1:0.2800,2:0.0000,3:0.0400,4:0.0000,5:0.0000","1:0.1600,2:0.0000,3:0.0400,4:0.0000,5:0.0000",2026-06-21T06:51:30Z
20260621_155942_seed0_antmaze-medium-navigate-v0,FlowG5W5H25Ha10N1TRL_rd_sd_antmaze_medium,antmaze-medium-navigate-v0,5.0,5.0,1,600,1,1.0,,0.008,0.032,"1:0.0000,2:0.0400,3:0.0000,4:0.0000,5:0.0000","1:0.0400,2:0.0400,3:0.0400,4:0.0000,5:0.0400",2026-06-21T10:02:50Z
20260621_155942_seed0_antmaze-medium-navigate-v0,FlowG5W5H25Ha10N1TRL_rd_sd_antmaze_medium,antmaze-medium-navigate-v0,5.0,5.0,1,600,16,1.0,,0.0,0.11200000000000002,"1:0.0000,2:0.0000,3:0.0000,4:0.0000,5:0.0000","1:0.1600,2:0.2000,3:0.2000,4:0.0000,5:0.0000",2026-06-21T10:19:36Z
20260621_155942_seed0_antmaze-medium-navigate-v0,FlowG5W5H25Ha10N1TRL_rd_sd_antmaze_medium,antmaze-medium-navigate-v0,5.0,5.0,1,600,4,1.0,,0.032,0.07999999999999999,"1:0.1200,2:0.0400,3:0.0000,4:0.0000,5:0.0000","1:0.0400,2:0.2400,3:0.0400,4:0.0000,5:0.0800",2026-06-21T10:08:24Z
20260621_155942_seed0_antmaze-medium-navigate-v0,FlowG5W5H25Ha10N1TRL_rd_sd_antmaze_medium,antmaze-medium-navigate-v0,5.0,5.0,1,600,8,1.0,,0.0,0.08,"1:0.0000,2:0.0000,3:0.0000,4:0.0000,5:0.0000","1:0.1600,2:0.1600,3:0.0800,4:0.0000,5:0.0000",2026-06-21T10:14:00Z
20260621_191938_seed0_antmaze-large-navigate-v0,FlowG5W5H25Ha10N1TRL_rd_sd_antmaze_large,antmaze-large-navigate-v0,5.0,5.0,1,600,1,1.0,,0.0,0.0,"1:0.0000,2:0.0000,3:0.0000,4:0.0000,5:0.0000","1:0.0000,2:0.0000,3:0.0000,4:0.0000,5:0.0000",2026-06-21T13:23:11Z
20260621_191938_seed0_antmaze-large-navigate-v0,FlowG5W5H25Ha10N1TRL_rd_sd_antmaze_large,antmaze-large-navigate-v0,5.0,5.0,1,600,16,1.0,,0.0,0.0,"1:0.0000,2:0.0000,3:0.0000,4:0.0000,5:0.0000","1:0.0000,2:0.0000,3:0.0000,4:0.0000,5:0.0000",2026-06-21T13:39:57Z
20260621_191938_seed0_antmaze-large-navigate-v0,FlowG5W5H25Ha10N1TRL_rd_sd_antmaze_large,antmaze-large-navigate-v0,5.0,5.0,1,600,4,1.0,,0.0,0.0,"1:0.0000,2:0.0000,3:0.0000,4:0.0000,5:0.0000","1:0.0000,2:0.0000,3:0.0000,4:0.0000,5:0.0000",2026-06-21T13:28:45Z
20260621_191938_seed0_antmaze-large-navigate-v0,FlowG5W5H25Ha10N1TRL_rd_sd_antmaze_large,antmaze-large-navigate-v0,5.0,5.0,1,600,8,1.0,,0.0,0.0,"1:0.0000,2:0.0000,3:0.0000,4:0.0000,5:0.0000","1:0.0000,2:0.0000,3:0.0000,4:0.0000,5:0.0000",2026-06-21T13:34:21Z
20260621_223959_seed0_antmaze-giant-navigate-v0,FlowG5W5H25Ha10N1TRL_rd_sd_antmaze_giant,antmaze-giant-navigate-v0,5.0,5.0,1,600,1,1.0,,0.0,0.0,"1:0.0000,2:0.0000,3:0.0000,4:0.0000,5:0.0000","1:0.0000,2:0.0000,3:0.0000,4:0.0000,5:0.0000",2026-06-21T16:46:54Z
20260621_223959_seed0_antmaze-giant-navigate-v0,FlowG5W5H25Ha10N1TRL_rd_sd_antmaze_giant,antmaze-giant-navigate-v0,5.0,5.0,1,600,16,1.0,,0.0,0.0,"1:0.0000,2:0.0000,3:0.0000,4:0.0000,5:0.0000","1:0.0000,2:0.0000,3:0.0000,4:0.0000,5:0.0000",2026-06-21T17:04:01Z
20260621_223959_seed0_antmaze-giant-navigate-v0,FlowG5W5H25Ha10N1TRL_rd_sd_antmaze_giant,antmaze-giant-navigate-v0,5.0,5.0,1,600,16,0.5,cap4000_t0p5,0.0,0.0,"1:0.0000,2:0.0000,3:0.0000,4:0.0000,5:0.0000","1:0.0000,2:0.0000,3:0.0000,4:0.0000,5:0.0000",2026-06-24T18:47:35Z
20260621_223959_seed0_antmaze-giant-navigate-v0,FlowG5W5H25Ha10N1TRL_rd_sd_antmaze_giant,antmaze-giant-navigate-v0,5.0,5.0,1,600,16,1.0,cap4000_t1p0,0.0,0.0,"1:0.0000,2:0.0000,3:0.0000,4:0.0000,5:0.0000","1:0.0000,2:0.0000,3:0.0000,4:0.0000,5:0.0000",2026-06-24T18:41:44Z
20260621_223959_seed0_antmaze-giant-navigate-v0,FlowG5W5H25Ha10N1TRL_rd_sd_antmaze_giant,antmaze-giant-navigate-v0,5.0,5.0,1,600,2,0.5,cap4000_t0p5,0.0,0.0,"1:0.0000,2:0.0000,3:0.0000,4:0.0000,5:0.0000","1:0.0000,2:0.0000,3:0.0000,4:0.0000,5:0.0000",2026-06-24T18:24:12Z
20260621_223959_seed0_antmaze-giant-navigate-v0,FlowG5W5H25Ha10N1TRL_rd_sd_antmaze_giant,antmaze-giant-navigate-v0,5.0,5.0,1,600,2,1.0,cap4000_t1p0,0.0,0.0,"1:0.0000,2:0.0000,3:0.0000,4:0.0000,5:0.0000","1:0.0000,2:0.0000,3:0.0000,4:0.0000,5:0.0000",2026-06-24T18:18:21Z
20260621_223959_seed0_antmaze-giant-navigate-v0,FlowG5W5H25Ha10N1TRL_rd_sd_antmaze_giant,antmaze-giant-navigate-v0,5.0,5.0,1,600,32,0.5,cap4000_t0p5,0.0,0.0,"1:0.0000,2:0.0000,3:0.0000,4:0.0000,5:0.0000","1:0.0000,2:0.0000,3:0.0000,4:0.0000,5:0.0000",2026-06-24T18:59:17Z
20260621_223959_seed0_antmaze-giant-navigate-v0,FlowG5W5H25Ha10N1TRL_rd_sd_antmaze_giant,antmaze-giant-navigate-v0,5.0,5.0,1,600,32,1.0,cap4000_t1p0,0.0,0.0,"1:0.0000,2:0.0000,3:0.0000,4:0.0000,5:0.0000","1:0.0000,2:0.0000,3:0.0000,4:0.0000,5:0.0000",2026-06-24T18:53:26Z
20260621_223959_seed0_antmaze-giant-navigate-v0,FlowG5W5H25Ha10N1TRL_rd_sd_antmaze_giant,antmaze-giant-navigate-v0,5.0,5.0,1,600,4,1.0,,0.0,0.0,"1:0.0000,2:0.0000,3:0.0000,4:0.0000,5:0.0000","1:0.0000,2:0.0000,3:0.0000,4:0.0000,5:0.0000",2026-06-21T16:52:35Z
20260621_223959_seed0_antmaze-giant-navigate-v0,FlowG5W5H25Ha10N1TRL_rd_sd_antmaze_giant,antmaze-giant-navigate-v0,5.0,5.0,1,600,8,1.0,,0.0,0.0,"1:0.0000,2:0.0000,3:0.0000,4:0.0000,5:0.0000","1:0.0000,2:0.0000,3:0.0000,4:0.0000,5:0.0000",2026-06-21T16:58:18Z
20260621_223959_seed0_antmaze-giant-navigate-v0,FlowG5W5H25Ha10N1TRL_rd_sd_antmaze_giant,antmaze-giant-navigate-v0,5.0,5.0,1,600,8,0.5,cap4000_t0p5,0.0,0.0,"1:0.0000,2:0.0000,3:0.0000,4:0.0000,5:0.0000","1:0.0000,2:0.0000,3:0.0000,4:0.0000,5:0.0000",2026-06-24T18:35:52Z
20260621_223959_seed0_antmaze-giant-navigate-v0,FlowG5W5H25Ha10N1TRL_rd_sd_antmaze_giant,antmaze-giant-navigate-v0,5.0,5.0,1,600,8,1.0,cap4000_t1p0,0.0,0.0,"1:0.0000,2:0.0000,3:0.0000,4:0.0000,5:0.0000","1:0.0000,2:0.0000,3:0.0000,4:0.0000,5:0.0000",2026-06-24T18:30:01Z
20260623_225006_seed0_puzzle-3x3-play-v0,flow_trl_gap_tune_p3_g0p5_w5_n1,puzzle-3x3-play-v0,0.5,5.0,1,600,16,1.0,,0.64,0.46399999999999997,"1:1.0000,2:0.6400,3:0.3200,4:0.5200,5:0.7200","1:0.8800,2:0.3600,3:0.2800,4:0.4000,5:0.4000",2026-06-23T17:15:45Z
20260623_225006_seed0_puzzle-3x3-play-v0,flow_trl_gap_tune_p3_g0p5_w5_n1,puzzle-3x3-play-v0,0.5,5.0,1,600,2,1.0,,0.088,0.072,"1:0.3600,2:0.0000,3:0.0400,4:0.0400,5:0.0000","1:0.3200,2:0.0400,3:0.0000,4:0.0000,5:0.0000",2026-06-23T17:05:02Z
20260623_225006_seed0_puzzle-3x3-play-v0,flow_trl_gap_tune_p3_g0p5_w5_n1,puzzle-3x3-play-v0,0.5,5.0,1,600,32,1.0,,0.7360000000000001,0.608,"1:0.8800,2:0.9200,3:0.5200,4:0.6000,5:0.7600","1:0.8400,2:0.6000,3:0.4400,4:0.4400,5:0.7200",2026-06-23T17:20:17Z
20260623_225006_seed0_puzzle-3x3-play-v0,flow_trl_gap_tune_p3_g0p5_w5_n1,puzzle-3x3-play-v0,0.5,5.0,1,600,32,0.25,t0p25,0.48,0.368,"1:0.9200,2:0.3200,3:0.4800,4:0.2800,5:0.4000","1:0.8000,2:0.2000,3:0.3200,4:0.2400,5:0.2800",2026-06-24T14:15:16Z
20260623_225006_seed0_puzzle-3x3-play-v0,flow_trl_gap_tune_p3_g0p5_w5_n1,puzzle-3x3-play-v0,0.5,5.0,1,600,32,0.5,t0p5,0.656,0.656,"1:1.0000,2:0.5200,3:0.6400,4:0.5200,5:0.6000","1:0.8400,2:0.6800,3:0.6800,4:0.5200,5:0.5600",2026-06-24T14:09:18Z
20260623_225006_seed0_puzzle-3x3-play-v0,flow_trl_gap_tune_p3_g0p5_w5_n1,puzzle-3x3-play-v0,0.5,5.0,1,600,8,1.0,,0.5279999999999999,0.352,"1:0.9600,2:0.4400,3:0.4000,4:0.4000,5:0.4400","1:0.5600,2:0.3200,3:0.2000,4:0.2400,5:0.4400",2026-06-23T17:10:41Z
20260624_022019_seed0_cube-single-play-v0,flow_trl_gap_tune_cs_g20_w5_n1,cube-single-play-v0,20.0,5.0,1,600,16,1.0,,0.608,0.64,"1:0.5600,2:0.7200,3:0.5200,4:0.6400,5:0.6000","1:0.6400,2:0.6000,3:0.6000,4:0.6800,5:0.6800",2026-06-23T20:12:01Z
20260624_022019_seed0_cube-single-play-v0,flow_trl_gap_tune_cs_g20_w5_n1,cube-single-play-v0,20.0,5.0,1,600,2,1.0,,0.696,0.6479999999999999,"1:0.7200,2:0.6400,3:0.6400,4:0.8000,5:0.6800","1:0.7600,2:0.5600,3:0.6400,4:0.7200,5:0.5600",2026-06-23T20:08:25Z
20260624_022019_seed0_cube-single-play-v0,flow_trl_gap_tune_cs_g20_w5_n1,cube-single-play-v0,20.0,5.0,1,600,32,1.0,,0.6,0.5680000000000001,"1:0.6400,2:0.6800,3:0.2800,4:0.6800,5:0.7200","1:0.5200,2:0.4400,3:0.7200,4:0.5200,5:0.6400",2026-06-23T20:13:53Z
20260624_022019_seed0_cube-single-play-v0,flow_trl_gap_tune_cs_g20_w5_n1,cube-single-play-v0,20.0,5.0,1,600,8,1.0,,0.624,0.688,"1:0.6000,2:0.6000,3:0.5600,4:0.9200,5:0.4400","1:0.7200,2:0.6000,3:0.6000,4:0.8000,5:0.7200",2026-06-23T20:10:11Z
20260624_051355_seed0_cube-double-play-v0,flow_trl_gap_tune_cd_g20_w5_n1,cube-double-play-v0,20.0,5.0,1,600,16,1.0,,0.656,0.544,"1:0.9600,2:0.5600,3:0.7200,4:0.3600,5:0.6800","1:0.8800,2:0.8000,3:0.4800,4:0.1200,5:0.4400",2026-06-23T23:21:45Z
20260624_051355_seed0_cube-double-play-v0,flow_trl_gap_tune_cd_g20_w5_n1,cube-double-play-v0,20.0,5.0,1,600,2,1.0,,0.72,0.744,"1:1.0000,2:0.7600,3:0.8000,4:0.3200,5:0.7200","1:1.0000,2:0.8800,3:0.7600,4:0.3600,5:0.7200",2026-06-23T23:13:10Z
20260624_051355_seed0_cube-double-play-v0,flow_trl_gap_tune_cd_g20_w5_n1,cube-double-play-v0,20.0,5.0,1,600,32,1.0,,0.616,0.76,"1:0.8400,2:0.6000,3:0.6400,4:0.4800,5:0.5200","1:0.9600,2:0.6800,3:0.8800,4:0.5600,5:0.7200",2026-06-23T23:26:12Z
20260624_051355_seed0_cube-double-play-v0,flow_trl_gap_tune_cd_g20_w5_n1,cube-double-play-v0,20.0,5.0,1,600,8,1.0,,0.704,0.68,"1:0.9600,2:0.7200,3:0.8400,4:0.2800,5:0.7200","1:0.9600,2:0.8000,3:0.8800,4:0.2000,5:0.5600",2026-06-23T23:17:17Z
20260624_051355_seed0_cube-double-play-v0,flow_trl_gap_tune_cd_g20_w5_n1,cube-double-play-v0,20.0,5.0,1,600,8,0.25,t0p25,0.8,0.776,"1:1.0000,2:1.0000,3:1.0000,4:0.1200,5:0.8800","1:1.0000,2:1.0000,3:0.9600,4:0.1200,5:0.8000",2026-06-24T14:22:27Z
20260624_051355_seed0_cube-double-play-v0,flow_trl_gap_tune_cd_g20_w5_n1,cube-double-play-v0,20.0,5.0,1,600,8,0.5,t0p5,0.792,0.728,"1:1.0000,2:1.0000,3:1.0000,4:0.1600,5:0.8000","1:0.9600,2:0.8800,3:0.9600,4:0.2000,5:0.6400",2026-06-24T14:18:58Z
20260624_082614_seed0_cube-triple-play-v0,flow_trl_gap_tune_ct_g20_w5_n1,cube-triple-play-v0,20.0,5.0,1,600,16,1.0,,0.42400000000000004,0.384,"1:0.8800,2:0.5200,3:0.4400,4:0.2400,5:0.0400","1:0.9600,2:0.4800,3:0.3600,4:0.1200,5:0.0000",2026-06-24T07:46:47Z
20260624_082614_seed0_cube-triple-play-v0,flow_trl_gap_tune_ct_g20_w5_n1,cube-triple-play-v0,20.0,5.0,1,600,16,0.25,t0p25,0.664,0.56,"1:0.9600,2:1.0000,3:0.9600,4:0.2400,5:0.1600","1:1.0000,2:0.7600,3:0.8800,4:0.1200,5:0.0400",2026-06-24T14:39:56Z
20260624_082614_seed0_cube-triple-play-v0,flow_trl_gap_tune_ct_g20_w5_n1,cube-triple-play-v0,20.0,5.0,1,600,16,0.5,t0p5,0.6079999999999999,0.5200000000000001,"1:0.9600,2:0.8400,3:0.8400,4:0.3200,5:0.0800","1:0.8800,2:0.7200,3:0.7200,4:0.2000,5:0.0800",2026-06-24T14:31:30Z
20260624_082614_seed0_cube-triple-play-v0,flow_trl_gap_tune_ct_g20_w5_n1,cube-triple-play-v0,20.0,5.0,1,600,2,1.0,,0.35200000000000004,0.256,"1:0.9200,2:0.4000,3:0.4000,4:0.0400,5:0.0000","1:0.7200,2:0.0800,3:0.4000,4:0.0800,5:0.0000",2026-06-24T07:25:45Z
20260624_082614_seed0_cube-triple-play-v0,flow_trl_gap_tune_ct_g20_w5_n1,cube-triple-play-v0,20.0,5.0,1,600,32,1.0,,0.37600000000000006,0.29600000000000004,"1:0.8800,2:0.4000,3:0.4000,4:0.0800,5:0.1200","1:0.9200,2:0.2800,3:0.2400,4:0.0400,5:0.0000",2026-06-24T07:57:35Z
20260624_082614_seed0_cube-triple-play-v0,flow_trl_gap_tune_ct_g20_w5_n1,cube-triple-play-v0,20.0,5.0,1,600,8,1.0,,0.376,0.36,"1:0.8800,2:0.4000,3:0.5200,4:0.0800,5:0.0000","1:0.7600,2:0.4800,3:0.4400,4:0.0000,5:0.1200",2026-06-24T07:36:18Z
20260624_165737_seed0_antmaze-large-navigate-v0,flow_trl_gap_tune_aml_g20_w5_n1,antmaze-large-navigate-v0,20.0,5.0,1,600,16,1.0,,0.44800000000000006,0.488,"1:0.7200,2:0.3200,3:0.7600,4:0.2800,5:0.1600","1:0.6400,2:0.2000,3:0.8000,4:0.4000,5:0.4000",2026-06-24T11:24:16Z
20260624_165737_seed0_antmaze-large-navigate-v0,flow_trl_gap_tune_aml_g20_w5_n1,antmaze-large-navigate-v0,20.0,5.0,1,600,2,1.0,,0.43200000000000005,0.488,"1:0.4800,2:0.3600,3:0.6400,4:0.3200,5:0.3600","1:0.4800,2:0.3200,3:0.8000,4:0.4400,5:0.4000",2026-06-24T11:08:18Z
20260624_165737_seed0_antmaze-large-navigate-v0,flow_trl_gap_tune_aml_g20_w5_n1,antmaze-large-navigate-v0,20.0,5.0,1,600,32,1.0,,0.41600000000000004,0.368,"1:0.6400,2:0.0800,3:0.9600,4:0.1600,5:0.2400","1:0.5200,2:0.0800,3:0.8800,4:0.2400,5:0.1200",2026-06-24T11:32:41Z
20260624_165737_seed0_antmaze-large-navigate-v0,flow_trl_gap_tune_aml_g20_w5_n1,antmaze-large-navigate-v0,20.0,5.0,1,600,8,1.0,,0.488,0.552,"1:0.5600,2:0.4400,3:0.8000,4:0.3200,5:0.3200","1:0.5200,2:0.3200,3:0.8000,4:0.5200,5:0.6000",2026-06-24T11:16:05Z
20260625_123122_seed0_humanoidmaze-large-navigate-v0,flow_trl_humanoidmaze_dw_hml_g10_w5_n1_dwp0,humanoidmaze-large-navigate-v0,10.0,5.0,1,600,16,1.0,,0.0,0.0,"1:0.0000,2:0.0000,3:0.0000,4:0.0000,5:0.0000","1:0.0000,2:0.0000,3:0.0000,4:0.0000,5:0.0000",2026-06-25T10:16:09Z
20260625_123122_seed0_humanoidmaze-large-navigate-v0,flow_trl_humanoidmaze_dw_hml_g10_w5_n1_dwp0,humanoidmaze-large-navigate-v0,10.0,5.0,1,600,16,1.0,cap2000,0.024,0.0,"1:0.0000,2:0.0000,3:0.0400,4:0.0800,5:0.0000","1:0.0000,2:0.0000,3:0.0000,4:0.0000,5:0.0000",2026-06-26T14:44:51Z
20260625_123122_seed0_humanoidmaze-large-navigate-v0,flow_trl_humanoidmaze_dw_hml_g10_w5_n1_dwp0,humanoidmaze-large-navigate-v0,10.0,5.0,1,600,2,1.0,,0.0,0.0,"1:0.0000,2:0.0000,3:0.0000,4:0.0000,5:0.0000","1:0.0000,2:0.0000,3:0.0000,4:0.0000,5:0.0000",2026-06-25T09:56:22Z
20260625_123122_seed0_humanoidmaze-large-navigate-v0,flow_trl_humanoidmaze_dw_hml_g10_w5_n1_dwp0,humanoidmaze-large-navigate-v0,10.0,5.0,1,600,2,1.0,cap2000,0.0,0.0,"1:0.0000,2:0.0000,3:0.0000,4:0.0000,5:0.0000","1:0.0000,2:0.0000,3:0.0000,4:0.0000,5:0.0000",2026-06-26T14:05:58Z
20260625_123122_seed0_humanoidmaze-large-navigate-v0,flow_trl_humanoidmaze_dw_hml_g10_w5_n1_dwp0,humanoidmaze-large-navigate-v0,10.0,5.0,1,600,32,1.0,,0.0,0.0,"1:0.0000,2:0.0000,3:0.0000,4:0.0000,5:0.0000","1:0.0000,2:0.0000,3:0.0000,4:0.0000,5:0.0000",2026-06-25T10:26:04Z
20260625_123122_seed0_humanoidmaze-large-navigate-v0,flow_trl_humanoidmaze_dw_hml_g10_w5_n1_dwp0,humanoidmaze-large-navigate-v0,10.0,5.0,1,600,32,1.0,cap2000,0.0,0.0,"1:0.0000,2:0.0000,3:0.0000,4:0.0000,5:0.0000","1:0.0000,2:0.0000,3:0.0000,4:0.0000,5:0.0000",2026-06-26T15:04:31Z
20260625_123122_seed0_humanoidmaze-large-navigate-v0,flow_trl_humanoidmaze_dw_hml_g10_w5_n1_dwp0,humanoidmaze-large-navigate-v0,10.0,5.0,1,600,8,1.0,,0.0,0.0,"1:0.0000,2:0.0000,3:0.0000,4:0.0000,5:0.0000","1:0.0000,2:0.0000,3:0.0000,4:0.0000,5:0.0000",2026-06-25T10:06:15Z
20260625_123122_seed0_humanoidmaze-large-navigate-v0,flow_trl_humanoidmaze_dw_hml_g10_w5_n1_dwp0,humanoidmaze-large-navigate-v0,10.0,5.0,1,600,8,1.0,cap2000,0.0,0.0,"1:0.0000,2:0.0000,3:0.0000,4:0.0000,5:0.0000","1:0.0000,2:0.0000,3:0.0000,4:0.0000,5:0.0000",2026-06-26T14:25:28Z
20260625_192606_seed0_humanoidmaze-large-navigate-v0,flow_trl_humanoidmaze_dw_hml_g10_w5_n1_dwp0p1,humanoidmaze-large-navigate-v0,10.0,5.0,1,600,16,1.0,,0.0,0.0,"1:0.0000,2:0.0000,3:0.0000,4:0.0000,5:0.0000","1:0.0000,2:0.0000,3:0.0000,4:0.0000,5:0.0000",2026-06-25T17:10:22Z
20260625_192606_seed0_humanoidmaze-large-navigate-v0,flow_trl_humanoidmaze_dw_hml_g10_w5_n1_dwp0p1,humanoidmaze-large-navigate-v0,10.0,5.0,1,600,16,1.0,cap2000,0.008,0.0,"1:0.0000,2:0.0000,3:0.0400,4:0.0000,5:0.0000","1:0.0000,2:0.0000,3:0.0000,4:0.0000,5:0.0000",2026-06-26T16:03:15Z
20260625_192606_seed0_humanoidmaze-large-navigate-v0,flow_trl_humanoidmaze_dw_hml_g10_w5_n1_dwp0p1,humanoidmaze-large-navigate-v0,10.0,5.0,1,600,2,1.0,,0.0,0.0,"1:0.0000,2:0.0000,3:0.0000,4:0.0000,5:0.0000","1:0.0000,2:0.0000,3:0.0000,4:0.0000,5:0.0000",2026-06-25T16:50:50Z
20260625_192606_seed0_humanoidmaze-large-navigate-v0,flow_trl_humanoidmaze_dw_hml_g10_w5_n1_dwp0p1,humanoidmaze-large-navigate-v0,10.0,5.0,1,600,2,1.0,cap2000,0.0,0.0,"1:0.0000,2:0.0000,3:0.0000,4:0.0000,5:0.0000","1:0.0000,2:0.0000,3:0.0000,4:0.0000,5:0.0000",2026-06-26T15:24:06Z
20260625_192606_seed0_humanoidmaze-large-navigate-v0,flow_trl_humanoidmaze_dw_hml_g10_w5_n1_dwp0p1,humanoidmaze-large-navigate-v0,10.0,5.0,1,600,32,1.0,,0.0,0.0,"1:0.0000,2:0.0000,3:0.0000,4:0.0000,5:0.0000","1:0.0000,2:0.0000,3:0.0000,4:0.0000,5:0.0000",2026-06-25T17:20:10Z
20260625_192606_seed0_humanoidmaze-large-navigate-v0,flow_trl_humanoidmaze_dw_hml_g10_w5_n1_dwp0p1,humanoidmaze-large-navigate-v0,10.0,5.0,1,600,32,1.0,cap2000,0.024,0.016,"1:0.0000,2:0.0000,3:0.0800,4:0.0000,5:0.0400","1:0.0000,2:0.0000,3:0.0400,4:0.0400,5:0.0000",2026-06-26T16:22:48Z
20260625_192606_seed0_humanoidmaze-large-navigate-v0,flow_trl_humanoidmaze_dw_hml_g10_w5_n1_dwp0p1,humanoidmaze-large-navigate-v0,10.0,5.0,1,600,8,1.0,,0.0,0.0,"1:0.0000,2:0.0000,3:0.0000,4:0.0000,5:0.0000","1:0.0000,2:0.0000,3:0.0000,4:0.0000,5:0.0000",2026-06-25T17:00:34Z
20260625_192606_seed0_humanoidmaze-large-navigate-v0,flow_trl_humanoidmaze_dw_hml_g10_w5_n1_dwp0p1,humanoidmaze-large-navigate-v0,10.0,5.0,1,600,8,1.0,cap2000,0.008,0.0,"1:0.0000,2:0.0000,3:0.0400,4:0.0000,5:0.0000","1:0.0000,2:0.0000,3:0.0000,4:0.0000,5:0.0000",2026-06-26T15:43:37Z
20260626_022012_seed0_humanoidmaze-large-navigate-v0,flow_trl_humanoidmaze_dw_hml_g5_w5_n1_dwp0,humanoidmaze-large-navigate-v0,5.0,5.0,1,600,16,1.0,,0.0,0.0,"1:0.0000,2:0.0000,3:0.0000,4:0.0000,5:0.0000","1:0.0000,2:0.0000,3:0.0000,4:0.0000,5:0.0000",2026-06-26T00:03:15Z
20260626_022012_seed0_humanoidmaze-large-navigate-v0,flow_trl_humanoidmaze_dw_hml_g5_w5_n1_dwp0,humanoidmaze-large-navigate-v0,5.0,5.0,1,600,16,1.0,cap2000,0.0,0.0,"1:0.0000,2:0.0000,3:0.0000,4:0.0000,5:0.0000","1:0.0000,2:0.0000,3:0.0000,4:0.0000,5:0.0000",2026-06-26T17:21:27Z
20260626_022012_seed0_humanoidmaze-large-navigate-v0,flow_trl_humanoidmaze_dw_hml_g5_w5_n1_dwp0,humanoidmaze-large-navigate-v0,5.0,5.0,1,600,2,1.0,,0.0,0.0,"1:0.0000,2:0.0000,3:0.0000,4:0.0000,5:0.0000","1:0.0000,2:0.0000,3:0.0000,4:0.0000,5:0.0000",2026-06-25T23:43:44Z
20260626_022012_seed0_humanoidmaze-large-navigate-v0,flow_trl_humanoidmaze_dw_hml_g5_w5_n1_dwp0,humanoidmaze-large-navigate-v0,5.0,5.0,1,600,2,1.0,cap2000,0.0,0.0,"1:0.0000,2:0.0000,3:0.0000,4:0.0000,5:0.0000","1:0.0000,2:0.0000,3:0.0000,4:0.0000,5:0.0000",2026-06-26T16:42:21Z
20260626_022012_seed0_humanoidmaze-large-navigate-v0,flow_trl_humanoidmaze_dw_hml_g5_w5_n1_dwp0,humanoidmaze-large-navigate-v0,5.0,5.0,1,600,32,1.0,,0.0,0.0,"1:0.0000,2:0.0000,3:0.0000,4:0.0000,5:0.0000","1:0.0000,2:0.0000,3:0.0000,4:0.0000,5:0.0000",2026-06-26T00:13:03Z
20260626_022012_seed0_humanoidmaze-large-navigate-v0,flow_trl_humanoidmaze_dw_hml_g5_w5_n1_dwp0,humanoidmaze-large-navigate-v0,5.0,5.0,1,600,32,1.0,cap2000,0.0,0.008,"1:0.0000,2:0.0000,3:0.0000,4:0.0000,5:0.0000","1:0.0000,2:0.0000,3:0.0000,4:0.0400,5:0.0000",2026-06-26T17:41:02Z
20260626_022012_seed0_humanoidmaze-large-navigate-v0,flow_trl_humanoidmaze_dw_hml_g5_w5_n1_dwp0,humanoidmaze-large-navigate-v0,5.0,5.0,1,600,8,1.0,,0.0,0.0,"1:0.0000,2:0.0000,3:0.0000,4:0.0000,5:0.0000","1:0.0000,2:0.0000,3:0.0000,4:0.0000,5:0.0000",2026-06-25T23:53:28Z
20260626_022012_seed0_humanoidmaze-large-navigate-v0,flow_trl_humanoidmaze_dw_hml_g5_w5_n1_dwp0,humanoidmaze-large-navigate-v0,5.0,5.0,1,600,8,1.0,cap2000,0.008,0.0,"1:0.0000,2:0.0000,3:0.0400,4:0.0000,5:0.0000","1:0.0000,2:0.0000,3:0.0000,4:0.0000,5:0.0000",2026-06-26T17:01:49Z
20260626_091305_seed0_humanoidmaze-large-navigate-v0,flow_trl_humanoidmaze_dw_hml_g5_w5_n1_dwp0p1,humanoidmaze-large-navigate-v0,5.0,5.0,1,600,16,1.0,,0.0,0.0,"1:0.0000,2:0.0000,3:0.0000,4:0.0000,5:0.0000","1:0.0000,2:0.0000,3:0.0000,4:0.0000,5:0.0000",2026-06-26T06:56:05Z
20260626_091305_seed0_humanoidmaze-large-navigate-v0,flow_trl_humanoidmaze_dw_hml_g5_w5_n1_dwp0p1,humanoidmaze-large-navigate-v0,5.0,5.0,1,600,16,1.0,cap2000,0.0,0.0,"1:0.0000,2:0.0000,3:0.0000,4:0.0000,5:0.0000","1:0.0000,2:0.0000,3:0.0000,4:0.0000,5:0.0000",2026-06-26T18:39:26Z
20260626_091305_seed0_humanoidmaze-large-navigate-v0,flow_trl_humanoidmaze_dw_hml_g5_w5_n1_dwp0p1,humanoidmaze-large-navigate-v0,5.0,5.0,1,600,2,1.0,,0.0,0.0,"1:0.0000,2:0.0000,3:0.0000,4:0.0000,5:0.0000","1:0.0000,2:0.0000,3:0.0000,4:0.0000,5:0.0000",2026-06-26T06:36:28Z
20260626_091305_seed0_humanoidmaze-large-navigate-v0,flow_trl_humanoidmaze_dw_hml_g5_w5_n1_dwp0p1,humanoidmaze-large-navigate-v0,5.0,5.0,1,600,2,1.0,cap2000,0.0,0.0,"1:0.0000,2:0.0000,3:0.0000,4:0.0000,5:0.0000","1:0.0000,2:0.0000,3:0.0000,4:0.0000,5:0.0000",2026-06-26T18:00:32Z
20260626_091305_seed0_humanoidmaze-large-navigate-v0,flow_trl_humanoidmaze_dw_hml_g5_w5_n1_dwp0p1,humanoidmaze-large-navigate-v0,5.0,5.0,1,600,32,1.0,,0.0,0.0,"1:0.0000,2:0.0000,3:0.0000,4:0.0000,5:0.0000","1:0.0000,2:0.0000,3:0.0000,4:0.0000,5:0.0000",2026-06-26T07:05:55Z
20260626_091305_seed0_humanoidmaze-large-navigate-v0,flow_trl_humanoidmaze_dw_hml_g5_w5_n1_dwp0p1,humanoidmaze-large-navigate-v0,5.0,5.0,1,600,32,1.0,cap2000,0.008,0.0,"1:0.0000,2:0.0000,3:0.0400,4:0.0000,5:0.0000","1:0.0000,2:0.0000,3:0.0000,4:0.0000,5:0.0000",2026-06-26T18:58:55Z
20260626_091305_seed0_humanoidmaze-large-navigate-v0,flow_trl_humanoidmaze_dw_hml_g5_w5_n1_dwp0p1,humanoidmaze-large-navigate-v0,5.0,5.0,1,600,8,1.0,,0.0,0.0,"1:0.0000,2:0.0000,3:0.0000,4:0.0000,5:0.0000","1:0.0000,2:0.0000,3:0.0000,4:0.0000,5:0.0000",2026-06-26T06:46:15Z
20260626_091305_seed0_humanoidmaze-large-navigate-v0,flow_trl_humanoidmaze_dw_hml_g5_w5_n1_dwp0p1,humanoidmaze-large-navigate-v0,5.0,5.0,1,600,8,1.0,cap2000,0.008,0.0,"1:0.0400,2:0.0000,3:0.0000,4:0.0000,5:0.0000","1:0.0000,2:0.0000,3:0.0000,4:0.0000,5:0.0000",2026-06-26T18:19:57Z
20260626_160557_seed0_humanoidmaze-medium-navigate-v0,flow_trl_humanoidmaze_dw_hmm_g10_w5_n1_dwp0,humanoidmaze-medium-navigate-v0,10.0,5.0,1,600,16,1.0,,0.096,0.048,"1:0.1200,2:0.0800,3:0.2000,4:0.0000,5:0.0800","1:0.0400,2:0.0800,3:0.0400,4:0.0000,5:0.0800",2026-06-26T20:17:43Z
20260626_160557_seed0_humanoidmaze-medium-navigate-v0,flow_trl_humanoidmaze_dw_hmm_g10_w5_n1_dwp0,humanoidmaze-medium-navigate-v0,10.0,5.0,1,600,16,1.0,cap2000,0.08,0.032,"1:0.1200,2:0.0800,3:0.0800,4:0.0400,5:0.0800","1:0.0400,2:0.0000,3:0.0400,4:0.0000,5:0.0800",2026-06-26T21:34:14Z
20260626_160557_seed0_humanoidmaze-medium-navigate-v0,flow_trl_humanoidmaze_dw_hmm_g10_w5_n1_dwp0,humanoidmaze-medium-navigate-v0,10.0,5.0,1,600,2,1.0,,0.016,0.0,"1:0.0000,2:0.0000,3:0.0800,4:0.0000,5:0.0000","1:0.0000,2:0.0000,3:0.0000,4:0.0000,5:0.0000",2026-06-26T13:31:02Z
20260626_160557_seed0_humanoidmaze-medium-navigate-v0,flow_trl_humanoidmaze_dw_hmm_g10_w5_n1_dwp0,humanoidmaze-medium-navigate-v0,10.0,5.0,1,600,2,1.0,cap2000,0.032,0.016,"1:0.0000,2:0.0400,3:0.0400,4:0.0400,5:0.0400","1:0.0000,2:0.0400,3:0.0000,4:0.0000,5:0.0400",2026-06-26T20:55:50Z
20260626_160557_seed0_humanoidmaze-medium-navigate-v0,flow_trl_humanoidmaze_dw_hmm_g10_w5_n1_dwp0,humanoidmaze-medium-navigate-v0,10.0,5.0,1,600,32,1.0,,0.176,0.08,"1:0.1600,2:0.2000,3:0.1600,4:0.1200,5:0.2400","1:0.0400,2:0.1600,3:0.0400,4:0.0400,5:0.1200",2026-06-26T20:36:33Z
20260626_160557_seed0_humanoidmaze-medium-navigate-v0,flow_trl_humanoidmaze_dw_hmm_g10_w5_n1_dwp0,humanoidmaze-medium-navigate-v0,10.0,5.0,1,600,32,1.0,cap2000,0.12,0.072,"1:0.0800,2:0.0400,3:0.2000,4:0.0400,5:0.2400","1:0.1600,2:0.0400,3:0.0400,4:0.0000,5:0.1200",2026-06-26T21:53:05Z
20260626_160557_seed0_humanoidmaze-medium-navigate-v0,flow_trl_humanoidmaze_dw_hmm_g10_w5_n1_dwp0,humanoidmaze-medium-navigate-v0,10.0,5.0,1,600,8,1.0,,0.008,0.0,"1:0.0000,2:0.0000,3:0.0000,4:0.0000,5:0.0400","1:0.0000,2:0.0000,3:0.0000,4:0.0000,5:0.0000",2026-06-26T13:40:45Z
20260626_160557_seed0_humanoidmaze-medium-navigate-v0,flow_trl_humanoidmaze_dw_hmm_g10_w5_n1_dwp0,humanoidmaze-medium-navigate-v0,10.0,5.0,1,600,8,1.0,cap2000,0.048,0.008,"1:0.0000,2:0.0400,3:0.0800,4:0.0000,5:0.1200","1:0.0000,2:0.0400,3:0.0000,4:0.0000,5:0.0000",2026-06-26T21:15:08Z
20260627_065306_seed0_humanoidmaze-medium-navigate-v0,flow_trl_humanoidmaze_dw_hmm_g10_w5_n1_dwp0p1,humanoidmaze-medium-navigate-v0,10.0,5.0,1,600,16,1.0,,0.088,0.096,"1:0.0400,2:0.2000,3:0.0800,4:0.0000,5:0.1200","1:0.0400,2:0.1600,3:0.1200,4:0.0000,5:0.1600",2026-06-27T05:23:07Z
20260627_065306_seed0_humanoidmaze-medium-navigate-v0,flow_trl_humanoidmaze_dw_hmm_g10_w5_n1_dwp0p1,humanoidmaze-medium-navigate-v0,10.0,5.0,1,600,16,1.0,cap2000,0.096,0.072,"1:0.0800,2:0.2400,3:0.1200,4:0.0000,5:0.0400","1:0.0400,2:0.1200,3:0.1200,4:0.0400,5:0.0400",2026-06-27T06:39:23Z
20260627_065306_seed0_humanoidmaze-medium-navigate-v0,flow_trl_humanoidmaze_dw_hmm_g10_w5_n1_dwp0p1,humanoidmaze-medium-navigate-v0,10.0,5.0,1,600,2,1.0,,0.04,0.024,"1:0.0400,2:0.0400,3:0.1200,4:0.0000,5:0.0000","1:0.0000,2:0.0800,3:0.0000,4:0.0000,5:0.0400",2026-06-27T04:44:56Z
20260627_065306_seed0_humanoidmaze-medium-navigate-v0,flow_trl_humanoidmaze_dw_hmm_g10_w5_n1_dwp0p1,humanoidmaze-medium-navigate-v0,10.0,5.0,1,600,2,1.0,cap2000,0.032,0.016,"1:0.0800,2:0.0000,3:0.0400,4:0.0000,5:0.0400","1:0.0000,2:0.0800,3:0.0000,4:0.0000,5:0.0000",2026-06-27T06:01:28Z
20260627_065306_seed0_humanoidmaze-medium-navigate-v0,flow_trl_humanoidmaze_dw_hmm_g10_w5_n1_dwp0p1,humanoidmaze-medium-navigate-v0,10.0,5.0,1,600,32,1.0,,0.12800000000000003,0.048,"1:0.0800,2:0.2000,3:0.0800,4:0.0000,5:0.2800","1:0.0000,2:0.0800,3:0.0400,4:0.0000,5:0.1200",2026-06-27T05:42:09Z
20260627_065306_seed0_humanoidmaze-medium-navigate-v0,flow_trl_humanoidmaze_dw_hmm_g10_w5_n1_dwp0p1,humanoidmaze-medium-navigate-v0,10.0,5.0,1,600,32,1.0,cap2000,0.128,0.096,"1:0.0400,2:0.2000,3:0.2400,4:0.0000,5:0.1600","1:0.0000,2:0.1200,3:0.2000,4:0.0000,5:0.1600",2026-06-27T06:58:19Z
20260627_065306_seed0_humanoidmaze-medium-navigate-v0,flow_trl_humanoidmaze_dw_hmm_g10_w5_n1_dwp0p1,humanoidmaze-medium-navigate-v0,10.0,5.0,1,600,8,1.0,,0.10400000000000001,0.04,"1:0.0400,2:0.1200,3:0.0800,4:0.0400,5:0.2400","1:0.0400,2:0.0800,3:0.0800,4:0.0000,5:0.0000",2026-06-27T05:04:06Z
20260627_065306_seed0_humanoidmaze-medium-navigate-v0,flow_trl_humanoidmaze_dw_hmm_g10_w5_n1_dwp0p1,humanoidmaze-medium-navigate-v0,10.0,5.0,1,600,8,1.0,cap2000,0.088,0.04,"1:0.0800,2:0.1200,3:0.1600,4:0.0000,5:0.0800","1:0.0800,2:0.0000,3:0.0800,4:0.0000,5:0.0400",2026-06-27T06:20:34Z
antmaze_giant_amg_g3_w5_n1_evalN8,flow_trl_feval_amg_g3_w5_n1,antmaze-giant-navigate-v0,3.0,5.0,1,600,16,0.5,cap4000_t0p5,0.328,0.336,"1:0.1200,2:0.3200,3:0.2000,4:0.2400,5:0.7600","1:0.2000,2:0.2400,3:0.1200,4:0.3200,5:0.8000",2026-06-24T16:35:06Z
antmaze_giant_amg_g3_w5_n1_evalN8,flow_trl_feval_amg_g3_w5_n1,antmaze-giant-navigate-v0,3.0,5.0,1,600,16,1.0,cap4000_t1p0,0.2,0.23200000000000004,"1:0.0000,2:0.1600,3:0.2000,4:0.1200,5:0.5200","1:0.0000,2:0.2400,3:0.0800,4:0.2000,5:0.6400",2026-06-24T16:25:39Z
antmaze_giant_amg_g3_w5_n1_evalN8,flow_trl_feval_amg_g3_w5_n1,antmaze-giant-navigate-v0,3.0,5.0,1,600,2,0.5,cap4000_t0p5,0.25599999999999995,0.352,"1:0.0400,2:0.2800,3:0.1600,4:0.2000,5:0.6000","1:0.1200,2:0.2800,3:0.2400,4:0.3200,5:0.8000",2026-06-24T15:56:46Z
antmaze_giant_amg_g3_w5_n1_evalN8,flow_trl_feval_amg_g3_w5_n1,antmaze-giant-navigate-v0,3.0,5.0,1,600,2,1.0,cap4000_t1p0,0.064,0.144,"1:0.0000,2:0.0800,3:0.0000,4:0.0400,5:0.2000","1:0.0000,2:0.0400,3:0.1200,4:0.2000,5:0.3600",2026-06-24T15:47:10Z
antmaze_giant_amg_g3_w5_n1_evalN8,flow_trl_feval_amg_g3_w5_n1,antmaze-giant-navigate-v0,3.0,5.0,1,600,32,0.5,cap4000_t0p5,0.27999999999999997,0.328,"1:0.0800,2:0.1600,3:0.1200,4:0.3600,5:0.6800","1:0.1200,2:0.2400,3:0.2000,4:0.4000,5:0.6800",2026-06-24T16:54:33Z
antmaze_giant_amg_g3_w5_n1_evalN8,flow_trl_feval_amg_g3_w5_n1,antmaze-giant-navigate-v0,3.0,5.0,1,600,32,1.0,cap4000_t1p0,0.12,0.22400000000000003,"1:0.0000,2:0.0800,3:0.0400,4:0.1200,5:0.3600","1:0.0800,2:0.2000,3:0.0800,4:0.2800,5:0.4800",2026-06-24T16:44:58Z
20260621_235244_seed0_antmaze-giant-navigate-v0,flow_trl_feval_amg_g3_w5_n1,antmaze-giant-navigate-v0,3.0,5.0,1,600,8,1.0,,0.23200000000000004,0.21600000000000003,"1:0.0000,2:0.1600,3:0.1200,4:0.1600,5:0.7200","1:0.0000,2:0.2400,3:0.1200,4:0.1600,5:0.5600",2026-06-21T17:31:00Z
antmaze_giant_amg_g3_w5_n1_evalN8,flow_trl_feval_amg_g3_w5_n1,antmaze-giant-navigate-v0,3.0,5.0,1,600,8,0.5,cap4000_t0p5,0.32,0.376,"1:0.0000,2:0.3600,3:0.2400,4:0.2000,5:0.8000","1:0.0800,2:0.2400,3:0.2800,4:0.3600,5:0.9200",2026-06-24T16:15:46Z
antmaze_giant_amg_g3_w5_n1_evalN8,flow_trl_feval_amg_g3_w5_n1,antmaze-giant-navigate-v0,3.0,5.0,1,600,8,1.0,cap4000_t1p0,0.27199999999999996,0.296,"1:0.0400,2:0.1600,3:0.1200,4:0.3600,5:0.6800","1:0.0400,2:0.3600,3:0.1600,4:0.2400,5:0.6800",2026-06-24T16:06:28Z
antmaze_giant_amg_g3_w5_n1_evalN8,flow_trl_feval_amg_g3_w5_n1,antmaze-giant-navigate-v0,3.0,5.0,1,600,8,0.5,t0p5,0.34400000000000003,0.368,"1:0.1200,2:0.2800,3:0.2400,4:0.2800,5:0.8000","1:0.0800,2:0.3200,3:0.2800,4:0.3600,5:0.8000",2026-06-22T03:44:43Z
antmaze_giant_amg_g3_w5_n1_evalN8,flow_trl_feval_amg_g3_w5_n1,antmaze-giant-navigate-v0,3.0,5.0,1,600,8,2.0,t2p0,0.024,0.024,"1:0.0000,2:0.0400,3:0.0000,4:0.0000,5:0.0800","1:0.0000,2:0.0000,3:0.0000,4:0.0000,5:0.1200",2026-06-22T03:00:42Z
20260621_183619_seed0_antmaze-large-navigate-v0,flow_trl_feval_aml_g10_w5_n1,antmaze-large-navigate-v0,10.0,5.0,1,600,16,1.0,,0.768,0.728,"1:0.6800,2:0.7200,3:0.9600,4:0.7600,5:0.7200","1:0.4800,2:0.4800,3:0.9200,4:0.9200,5:0.8400",2026-06-21T12:07:50Z
antmaze_large_aml_g10_w5_n1_evalN16,flow_trl_feval_aml_g10_w5_n1,antmaze-large-navigate-v0,10.0,5.0,1,600,16,1.0,fs10,0.688,0.6000000000000001,"1:0.7200,2:0.6400,3:0.8800,4:0.6400,5:0.5600","1:0.3600,2:0.5200,3:0.8000,4:0.7200,5:0.6000",2026-06-22T01:54:40Z
antmaze_large_aml_g10_w5_n1_evalN16,flow_trl_feval_aml_g10_w5_n1,antmaze-large-navigate-v0,10.0,5.0,1,600,16,0.5,t0p5,0.808,0.696,"1:0.7600,2:0.7200,3:0.9600,4:0.8800,5:0.7200","1:0.5200,2:0.6000,3:0.9200,4:0.7200,5:0.7200",2026-06-22T03:35:15Z
antmaze_large_aml_g10_w5_n1_evalN16,flow_trl_feval_aml_g10_w5_n1,antmaze-large-navigate-v0,10.0,5.0,1,600,16,2.0,t2p0,0.24800000000000005,0.20800000000000002,"1:0.3200,2:0.0400,3:0.7200,4:0.1200,5:0.0400","1:0.2400,2:0.0400,3:0.5600,4:0.1200,5:0.0800",2026-06-22T02:50:22Z
20260619_151116_seed0_antmaze-medium-navigate-v0,flow_trl_feval_amm_g3_w5_n1,antmaze-medium-navigate-v0,3.0,5.0,1,600,8,1.0,,0.96,0.9279999999999999,"1:0.9600,2:1.0000,3:0.9600,4:0.9200,5:0.9600","1:0.9200,2:1.0000,3:0.9600,4:0.8400,5:0.9200",2026-06-19T08:27:05Z
antmaze_medium_amm_g3_w5_n1_evalN8,flow_trl_feval_amm_g3_w5_n1,antmaze-medium-navigate-v0,3.0,5.0,1,600,8,1.0,fs10,0.9359999999999999,0.9199999999999999,"1:0.9200,2:0.8800,3:0.9600,4:0.9200,5:1.0000","1:0.9200,2:0.8800,3:0.9600,4:0.8800,5:0.9600",2026-06-22T01:47:11Z
antmaze_medium_amm_g3_w5_n1_evalN8,flow_trl_feval_amm_g3_w5_n1,antmaze-medium-navigate-v0,3.0,5.0,1,600,8,0.5,t0p5,0.96,0.968,"1:0.9600,2:1.0000,3:0.9600,4:0.9600,5:0.9200","1:0.9600,2:1.0000,3:1.0000,4:0.8800,5:1.0000",2026-06-22T03:28:40Z
antmaze_medium_amm_g3_w5_n1_evalN8,flow_trl_feval_amm_g3_w5_n1,antmaze-medium-navigate-v0,3.0,5.0,1,600,8,2.0,t2p0,0.68,0.6,"1:0.8400,2:0.6400,3:0.4800,4:0.6800,5:0.7600","1:0.8400,2:0.6400,3:0.3600,4:0.5200,5:0.6400",2026-06-22T02:41:05Z
20260618_122145_seed0_cube-double-play-v0,flow_trl_feval_cd_g10_w5_n1,cube-double-play-v0,10.0,5.0,1,600,8,1.0,,0.68,0.648,"1:0.9600,2:0.6400,3:0.8000,4:0.3200,5:0.6800","1:0.8800,2:0.7200,3:0.6800,4:0.3600,5:0.6000",2026-06-18T05:43:44Z
cube_double_cd_g10_w5_n1_evalN8,flow_trl_feval_cd_g10_w5_n1,cube-double-play-v0,10.0,5.0,1,600,8,1.0,fs10,0.672,0.688,"1:0.8400,2:0.8400,3:0.9200,4:0.2000,5:0.5600","1:1.0000,2:0.8000,3:0.6400,4:0.4000,5:0.6000",2026-06-22T01:31:58Z
cube_double_cd_g10_w5_n1_evalN8,flow_trl_feval_cd_g10_w5_n1,cube-double-play-v0,10.0,5.0,1,600,8,0.25,t0p25,0.784,0.8,"1:1.0000,2:1.0000,3:0.9600,4:0.0800,5:0.8800","1:1.0000,2:1.0000,3:1.0000,4:0.1600,5:0.8400",2026-06-24T13:54:59Z
cube_double_cd_g10_w5_n1_evalN8,flow_trl_feval_cd_g10_w5_n1,cube-double-play-v0,10.0,5.0,1,600,8,0.5,t0p5,0.784,0.792,"1:1.0000,2:1.0000,3:0.9200,4:0.2400,5:0.7600","1:1.0000,2:0.9600,3:1.0000,4:0.3600,5:0.6400",2026-06-22T03:15:53Z
cube_double_cd_g10_w5_n1_evalN8,flow_trl_feval_cd_g10_w5_n1,cube-double-play-v0,10.0,5.0,1,600,8,2.0,t2p0,0.04,0.05600000000000001,"1:0.1600,2:0.0400,3:0.0000,4:0.0000,5:0.0000","1:0.2000,2:0.0400,3:0.0400,4:0.0000,5:0.0000",2026-06-22T02:20:59Z
20260618_032311_seed0_cube-single-play-v0,flow_trl_feval_cs_g10_w5_n1,cube-single-play-v0,10.0,5.0,1,600,2,1.0,,0.768,0.6560000000000001,"1:0.8000,2:0.7600,3:0.7200,4:0.7600,5:0.8000","1:0.6800,2:0.5600,3:0.6800,4:0.6800,5:0.6800",2026-06-17T20:14:35Z
cube_single_cs_g10_w5_n1_evalN2,flow_trl_feval_cs_g10_w5_n1,cube-single-play-v0,10.0,5.0,1,600,2,1.0,fs10,0.6960000000000001,0.648,"1:0.8000,2:0.6400,3:0.6000,4:0.6800,5:0.7600","1:0.7200,2:0.5200,3:0.7600,4:0.6000,5:0.6400",2026-06-22T01:27:29Z
cube_single_cs_g10_w5_n1_evalN2,flow_trl_feval_cs_g10_w5_n1,cube-single-play-v0,10.0,5.0,1,600,2,0.5,t0p5,0.9039999999999999,0.8160000000000001,"1:0.9200,2:0.9200,3:0.9600,4:0.9200,5:0.8000","1:0.8400,2:0.6800,3:1.0000,4:0.7600,5:0.8000",2026-06-22T03:12:19Z
cube_single_cs_g10_w5_n1_evalN2,flow_trl_feval_cs_g10_w5_n1,cube-single-play-v0,10.0,5.0,1,600,2,2.0,t2p0,0.296,0.272,"1:0.3600,2:0.2000,3:0.0800,4:0.4400,5:0.4000","1:0.2800,2:0.1200,3:0.2800,4:0.4400,5:0.2400",2026-06-22T02:14:26Z
20260619_073307_seed0_cube-triple-play-v0,flow_trl_feval_ct_g10_w5_n1,cube-triple-play-v0,10.0,5.0,1,600,8,1.0,,0.328,0.20800000000000002,"1:0.7200,2:0.3600,3:0.4800,4:0.0400,5:0.0400","1:0.5600,2:0.1600,3:0.1600,4:0.0800,5:0.0800",2026-06-19T03:40:43Z
cube_triple_ct_g10_w5_n1_evalN8,flow_trl_feval_ct_g10_w5_n1,cube-triple-play-v0,10.0,5.0,1,600,8,1.0,fs10,0.33599999999999997,0.28,"1:0.8400,2:0.3200,3:0.4400,4:0.0000,5:0.0800","1:0.6400,2:0.4400,3:0.2000,4:0.0400,5:0.0800",2026-06-22T01:43:22Z
cube_triple_ct_g10_w5_n1_evalN8,flow_trl_feval_ct_g10_w5_n1,cube-triple-play-v0,10.0,5.0,1,600,8,0.25,t0p25,0.5680000000000001,0.4960000000000001,"1:1.0000,2:0.5600,3:0.7200,4:0.2000,5:0.3600","1:0.9200,2:0.6400,3:0.7600,4:0.0800,5:0.0800",2026-06-24T14:04:18Z
cube_triple_ct_g10_w5_n1_evalN8,flow_trl_feval_ct_g10_w5_n1,cube-triple-play-v0,10.0,5.0,1,600,8,0.5,t0p5,0.536,0.45600000000000007,"1:0.9600,2:0.8000,3:0.7200,4:0.1200,5:0.0800","1:0.9200,2:0.5200,3:0.6800,4:0.0400,5:0.1200",2026-06-22T03:25:24Z
cube_triple_ct_g10_w5_n1_evalN8,flow_trl_feval_ct_g10_w5_n1,cube-triple-play-v0,10.0,5.0,1,600,8,2.0,t2p0,0.008,0.0,"1:0.0400,2:0.0000,3:0.0000,4:0.0000,5:0.0000","1:0.0000,2:0.0000,3:0.0000,4:0.0000,5:0.0000",2026-06-22T02:34:24Z
20260616_163012_seed0_puzzle-3x3-play-v0,flow_trl_feval_p3_g1_w5_n1,puzzle-3x3-play-v0,1.0,5.0,1,600,32,1.0,,0.6719999999999999,0.392,"1:0.9600,2:0.7200,3:0.6000,4:0.4800,5:0.6000","1:0.6000,2:0.2800,3:0.2800,4:0.2800,5:0.5200",2026-06-20T12:21:41Z
puzzle_3x3_p3_g1_w5_n1_evalN32,flow_trl_feval_p3_g1_w5_n1,puzzle-3x3-play-v0,1.0,5.0,1,600,32,1.0,fs10,0.648,0.5119999999999999,"1:0.9600,2:0.6000,3:0.7200,4:0.4800,5:0.4800","1:0.8400,2:0.4800,3:0.4000,4:0.4400,5:0.4000",2026-06-22T01:20:19Z
puzzle_3x3_p3_g1_w5_n1_evalN32,flow_trl_feval_p3_g1_w5_n1,puzzle-3x3-play-v0,1.0,5.0,1,600,32,0.25,t0p25,0.44800000000000006,0.4,"1:0.8400,2:0.4400,3:0.4000,4:0.1600,5:0.4000","1:0.8800,2:0.1600,3:0.2800,4:0.2400,5:0.4400",2026-06-24T13:51:20Z
puzzle_3x3_p3_g1_w5_n1_evalN32,flow_trl_feval_p3_g1_w5_n1,puzzle-3x3-play-v0,1.0,5.0,1,600,32,0.5,t0p5,0.656,0.592,"1:1.0000,2:0.6800,3:0.4800,4:0.4000,5:0.7200","1:0.8400,2:0.6000,3:0.5600,4:0.5200,5:0.4400",2026-06-22T03:05:38Z
puzzle_3x3_p3_g1_w5_n1_evalN32,flow_trl_feval_p3_g1_w5_n1,puzzle-3x3-play-v0,1.0,5.0,1,600,32,2.0,t2p0,0.136,0.016,"1:0.5600,2:0.0800,3:0.0000,4:0.0000,5:0.0400","1:0.0800,2:0.0000,3:0.0000,4:0.0000,5:0.0000",2026-06-22T02:03:41Z
20260617_161917_seed0_puzzle-4x4-play-v0,flow_trl_feval_p4_g5_w5_n1,puzzle-4x4-play-v0,5.0,5.0,1,600,16,1.0,,0.8,0.688,"1:0.9200,2:0.6400,3:0.8400,4:0.8000,5:0.8000","1:0.9200,2:0.4800,3:0.7200,4:0.7200,5:0.6000",2026-06-17T09:55:26Z
puzzle_4x4_p4_g5_w5_n1_evalN16,flow_trl_feval_p4_g5_w5_n1,puzzle-4x4-play-v0,5.0,5.0,1,600,16,1.0,fs10,0.8240000000000001,0.728,"1:1.0000,2:0.6000,3:0.8400,4:0.8000,5:0.8800","1:0.9200,2:0.5600,3:0.8800,4:0.6000,5:0.6800",2026-06-22T01:25:35Z
puzzle_4x4_p4_g5_w5_n1_evalN16,flow_trl_feval_p4_g5_w5_n1,puzzle-4x4-play-v0,5.0,5.0,1,600,16,0.5,t0p5,0.784,0.7040000000000001,"1:0.9200,2:0.6800,3:0.8400,4:0.8000,5:0.6800","1:0.8800,2:0.2800,3:0.8000,4:0.8000,5:0.7600",2026-06-22T03:10:50Z
puzzle_4x4_p4_g5_w5_n1_evalN16,flow_trl_feval_p4_g5_w5_n1,puzzle-4x4-play-v0,5.0,5.0,1,600,16,2.0,t2p0,0.0,0.0,"1:0.0000,2:0.0000,3:0.0000,4:0.0000,5:0.0000","1:0.0000,2:0.0000,3:0.0000,4:0.0000,5:0.0000",2026-06-22T02:11:57Z
